example_portuguese_sentence,example_libras_sentence
invente qualquer palavra que comece com a letra a.,você inventar qualquer palavra começar a.
você gosta de abacate com leite?,você gostar abacate leite junto?
"hoje tomei suco de abacaxi, ele estava ácido.",hoje suco abacaxi beber ácido.
"se você quer abafar seu quarto, é melhor fechar tudo.",si você querer quarto seu abafar ar? melhor fechar tudo.
"não é no primeiro apartamento abaixo, é no segundo.",apartamento primeiro não segundo abaixo.
os surdos fizeram um abaixo-assinado pedindo mais empregos ao governo.,surdo abaixo assinado pedir governo emprego mais.
a lâmpada do abajur queimou.,abajur lâmpada queimar .
está vendo aquela velha se abanando? ela é avó da minha amiga.,"olhar velho abanar leque lá, vovo amigo meu"
o carro velho foi abandonado naquela garagem.,aquele caragem carro velho abandonar.
coitada dessa criança tão bonita dormindo na rua. como seus pais tiveram coragem de abandoná-la?!,criança bonito dormir rua coitado! pai mãe dele abandonar coragem?!
ontem o metrô estava abarrotado de gente.,ontem metrô pessoa muito abarrotado pessoacheio
"ele é rico, abastado.",ele rico abastado.
a família consolou a viúva que estava abatida.,família consolar mulher viúvo abatido
você pode fazer abatimento dos gastos hospitalares no imposto de renda.,hospital gastar você imposto renda abatimento poder.
o coronel abdicou de tornar-se major do exército.,homem aquele coronel abdicar major exercito.
o médico me mandou tirar raio-x do abdômen.,médico mandar raiox abdômen.
o mel de abelha é bom contra a tosse.,mel abelha bom tosse.
eu orei a deus para abençoar minha vida.,eu orar deus abençoar vida bem.
"no final do culto, o pastor abençoou a todos.",fim culto pastor abençoar todos.
ontem você deixou a porta da sala aberta.,ontem você casa porta aberto deixar sala.
o curso de computação vai estar aberto no sábado.,curso computador ter aberto sábado.
"a abertura do seminário do mec, na semana passada, foi ótima!",semana passado abertura seminário mec ótimo!
"estou abismado, que casa tão grande e tão bonita!",abismado casa grande muito bonito muito!
"eu já comi doce de abóbora, é gostoso!",doce abóbora comer já gostoso!
eu nunca comi abóbora verde.,verde abóbora eu comer nunca.
hoje não encontrei abobrinha na feira.,hoje feira procurar encontrar não abobrinha.
o jacaré abocanhou a cobra.,jacaré cobra abocanhar.
"antigamente os escravos negros sofriam. mais tarde, conseguiram a abolição da escravatura.",antigamente negro sofrer escravo abolição conseguir.
meu chefe abonou minha falta e amanhã vou ter folga.,falta chefe abonar. amanhã folgar.
"no banerj não tem abono, só paga o salário.",banco banerj ter não abono só salário.
não vale a pena se aborrecer.,aborrecer bom não.
ontem roubaram meu cachorro e eu fiquei muito aborrecido.,ontem roubar meu cachorro aborrecido muito.
"no brasil, a mulher grávida só pode abortar em caso de problema de saúde.",brasil mulher grávida poder abortar só problema saúde.
"minha esposa caiu e abortou; fiquei triste, porque queria um filho.",esposa minha pessoa cair chão abortar eu triste querer filho.
a igreja proibe o aborto.,aborto igreja proibir.
você se esqueceu de abotoar a camisa do seu filho!,camisa seu filho abotoar esquecer!
eu sei fazer abracadabra e transformar um ovo em pinto!,eu saber ovo abracadabra transformar pinto.
ela abraçou o seu filho.,ela abraçar filho delo.
diga a sua esposa que mandei um abraço.,falar abraço esposo seu
um bom abraço é gostoso.,abraço bom gostoso.
você fará a palestra no congresso de amanhã? precisa abreviar.,amanhã congresso você palestra? precisar abreviar.
eu abri a lata de tomate e ele estava podre.,eu abridor de lata abrir tomate podre.
fui convidada pela empresa arno para assistir ao lançamento do novo abridor de latas automático.,empresa arno convidar assistir lançamento abridor de lata novo automático.
meu cunhado construir um teto para abrigar o carro.,meu cunhado construir teto carro veículo abrigar.
"nós dois vamos procurar um abrigo, pois vai chover forte.",vai chover forte nós dois procurar abrigo.
eu nasci no mês de abril.,eu nascer abril.
eu abri a garrafa e bebi a água muito gelada.,eu abrir garrafa água beber gelado muito.
"por favor, abra a janela da sala!",favor janela sala abrir!
não consigo abrir esta porta!,porta esto conseguir não abrir!
não abra esta tampa porque está enferrujada!,tampa abrir não evitar enferrujado!
"cinco horas depois da operação do coração, mauro abriu os olhos.",mauro coração peito operar hora 5 depois abrir olho.
o juiz absolveu o ladrão por falta de provas.,faltar prova ladrão juiz absolver.
eu vou à farmácia comprar um absorvente higiênico.,eu comprar absorvente higiênico farmácia.
"tem muita água no chão, pegue uma esponja para absorver.",chão água esparramar! pegar esponja absorver.
não consegui absorver a aula de história.,aula historia absorver conseguir não.
meu tio resolveu abster-se de doces para emagrecer.,tio meu emagrecer doce abster.
"o governo cobra iptu alto, que absurdo!",governo iptu cobrar absurdo muito!
"ele é muito abusado, não tem educação.",ele abusado educação ter não.
ele abusa de você!,ele abusar você!
já acabei o texto e estou aliviado.,texto preparar acabar aliviado.
"a novela acabou e, agora, vou dormir.tchau!",novela acabar eu ir dormir tchau.
"a aula já acabou, pode ir para casa.",aula acabar poder ir casa.
a água acabou. é preciso comprar novamente.,águar acabar precisar comprar outravez.
eu bebo um copo cheio de suco de açaí. é forte e saudável.,açaí beber corpo inteiro forte saúde.
o bebê estava chorando e eu o acalantei.,bebê chorar continua tive eu acalentar.
eu tomo remédio para me acalmar.,eu tomar remédio acalmar.
"é bom você se acalmar, você estudou muito!",você bom acalmar! você estudar muito!
eu vi que na barra tem muitos lugares bonitos para acampamento.,eu ver já barra ter acampamento bonito.
"eu não quero acampar aqui, é perigoso. melhor outro lugar.",acampar eu aqui querer não perigoso melhor outro.
meu irmão é muito acanhado.,meou irmão acanhado muito.
eu gosto de acariciar o bebê.,eu gostar acariciar bebê.
meu cachorro e a cadela dele vão ficar juntos para acasalar.,cachorro meu dele junto amanhã acasalar.
eu acatei o que o professor me aconselhou.,eu acatar professora conselhos.
você recebeu o salário em dinheiro? acautele-se e esconda-o no sapato.,você receber já sálario dinheiro? olhar já esconder sapato.
hoje meu amigo me convidou para jantar e eu aceitei.,amigo convidar jantar hoje eu aceitar.
"ontem o motorista do ônibus acelerou tanto, que eu quase caí.",ontem ônibus motorista acelerar eu quase cair.
"o chefe não gosta que o trabalho atrase, você precisa trabalhar e acelerar sua produção.","chefe gostar não trabalho atrasar, você precisar produção acelerar trabalhar."
"uma linda mulher passou e acenou, eu fiquei louco.",mulher linda muito andar acenar eu louco!
"por favor, não acenda o farol do carro.",favor acender farol carro não.
não consigo acender o cigarro com esse isqueiro!,cigarro isqueiro acender conseguir não!
"por favor, acenda a luz do meu quarto.",por favor quarto meu acender luz.
você acendeu a vela com o fósforo?,você fósforo acender vela já?
você esqueceu de colocar o acento circunflexo na palavra você.,você esquecer voce ^ não.
você não colocou acento agudo em vovo,você colocarnão vovo ´.
"anteontem, na favela, a polícia acercou-se e prendeu quatro ladrões. um fugiu.",anteontem favela polícia acercar ladrão 4 prender 1 fugir.
uma bala de revólver acertou a cabeça do menino.,menino pequeno acertar testa balar evolver.
eu acertei tudo na prova de matemática.,matematica prova eu resposta tudo.
deixe a luz permanecer acesa durante toda a madrugada.,luz permanecer deixar aceso madrugada toda ok!
essa sala dá acesso para o computador?,essa sala computador acesso?
é proibido o acesso das crianças à reunião.,reunião proibido criança acesso.
terça-feira passada eu estava procurando um armário e achei um pele preço de 50 reais.,terça passado eu procurar achar armário preço 50.
"domingo, dia 16, vasco e flamengo vão competir. eu acho, com certeza, que o vasco vai ser campeão.",domingo dia 16 vasco flamengo competir eu achar certeza vasco campeão.
"ontem, no futebol, a bola que chutei com força bateu, por acidente, no rosto do meu amigo.",ontem eu futebol acidente bola forte chutar amigo meu bater rosto.
"ontem, um colega de trabalho teve acidente de carro.",colega trabalho carro acidente ontem.
a lâmpada acima da prateleira queimou.,lâmpada queimar prateleira acima.
"se o freio estiver com problema, é perigoso o carro no aclive.","si freio problema, carro aclive perigoso."
aquele homem tem muita acne no rosto.,homem aquele muito acne rosto.
"a janela da minha casa é de aço, difícil de quebrar.",casa meu janela aço difícil de quebrar
aquele homem açoitou o cavalo para que acelerasse.,aquele homem açoitar cavalo acelerar.
meu açoite está velho.,açoite meu velho.
ele é preguiçoso e sempre fica acomodado sem fazer nada.,ele acomodado sempre fazer nada preguiçoso.
"ajude-me na obra da casa, ontem você já se acomodou muito. hoje, por favor, me ajude!","ajudar meu casa obra você ontem acomodar muito já. por favor, hoje ajudar."
você vai ao cinema sozinho ou acompanhado?,você cinema ir sozinho ou acompanhado?
"tenho medo de andar sozinha na rua, você me acompanha até o ponto do ônibus?",rua sozinho eu medo acompanhar ponto ônibus?
"durante a excursão, acampanhe o carro do professor.",excursão você veículo acompanhar professor.
"achei um bebê em uma cesta de lixo, na rua. coitadinho, eu o peguei e aconcheguei em meu colo.",rua eu achar bebê lixo cesta. pegar aconchegarc olo coitado.
eu aconselhei meu filho a parar de mentir.,filho aconselhar parar mentir.
"o que aconteceu, ele está com febre?",ele acontecer febre?
o que aconteceu?,acontecer?
hoje tinha um sol bonito e agora chove forte. o que aconteceu?,hoje sol bonito agora chuva muito acontecer?
o negócio da compra do apartamento já foi acordado entre vocês dois?,apartamento negócio comprar vocês dois acordado já?
a que horas você acorda todos os dias?,acordar você hora todos dia?
a que horas você acorda todos os dias?,acordar você hora todos dia?
eles já acordaram sobre a venda do carro.,eles carro vender acordar já.
fiquei muito contente porque o meu tio me presenteou com um acordeão.,eu contente tio meu presentear acordeão.
a feneis e o mec fizeram um acordo para pressionar o governo a aprovar o projeto-lei para oficialização da libras.,feneis mec combinar acordo pressionar governo aprovar projeto lei libras.
precisa acorrentar esse cachorro bravo.,cachorro bravo precisar acorrentar.
"não tenho medo de andar de avião, estou acostumado.",avião ter não medo eu acostumado.
eu acostumei meu cachorro ficar em casa sozinho.,cachorro acostumar ficar casa sozinho.
"no jogo de futebol, ronaldo acotovelou o goleiro.",futebol ronaldo acotovelar goleiro.
li no jornal que a promoção do açougue é só hoje.,jornal eu ler carne vender promoção só hoje.
"o acre é longe, a viagem de avião leva mais ou menos quatro horas.",acre longe avião voar mais oumenor quatro horas.
meu sobrinho falou que comprou um carro e eu não acreditei.,meu sobrinho falar já comprar carro eu acreditar não.
"por favor, acrescente mais açúcar ao leite.","por favor, leite açúcar mais acrescentar."
fui ao circo e gostei da acrobata que dança muito bem.,eu ir circo gostar pessoa andar coisa fina dançar bem.
"ontem, no circo, vimos a acrobata dando um salto mortal.",circo ontem nós ver pessoa balançar perigoso salto.
"estava certo eu ir à sua casa, mas encontrei seus cinco cães bravos. acuado, fui embora.",eu certo ir seu casa mas encontrar cão 5 bravo seu eu acuado embora.
meu filho me falou mentira e eu o acuei.,filho meu falar mentira eu acuar.
"aqui no brasil transforma-se a cana em açúcar. lá na europa é diferente, transforma-se a beterraba em açúcar.",brasil aqui cana transformar açúcar lá europa diferente beterraba transformar açúcar.
"a casa dela acumulou muita poeira e sujo, porque não é varrida há uma semana.",casa dele acumular poeira sujo porque não varrer 1 semana.
amanhã irei fazer curso de acupuntura.,eu ir curso acupuntura amanhã.
a polícia me acusou de vender drogas.,polícia acusar vender droga.
o navio está adernando por causa do peso.,navio adernar problema peso.
"o meu adesivo sumiu, quem o pegou?",meu adesivo sumir qum pegar?
"o filme titanic foi ótimo, você viu? a cena da mulher dando um adeus é triste.",filme titanic ontem ótimo mulher adeus triste você ver?
todos os dias a minha filha me dá adeus da janela.,tododia filho janela adeus.
hoje você chegou adiantado para a reunião!,você chegar adiantado reunião hoje!
a diretoria decidiu cancelar e adiar para novembro a reunião de hoje.,reunião hoje diretoria decidir cancelar adiar novembro.
"o suco de laranja está azedo, por favor, adicione mais açúcar.",suco laranja azedo! por favor açúcar mais adicionar colher.
você sabe como adicionar em matemática?,você saber como matemática adicionar?
"um surdo vem à minha casa hoje, sabe quem é? adivinhe?",hoje vir surdo meu casa saber quem adivinhar?
hoje a professora deu aula sobre adjetivos.,professora aula adjetivo hoje.
ele vai ser diretor-adjunto.,ele futuro diretor adjunto.
meu noivo estuda na faculdade de administração.,noivo meu estudar faculdade administração.
eu administro os negócios com o meu pai.,eu administrar trabalhar junto meu pai.
eu estou admirada como você foi falso!,eu admirado você já falso!
todas as pessoas admiraram a coragem dos surdos na passeata a favor do projeto de lei para a oficialização da libras.,ontem pessoa todo admirar surdo coragem passeata lei libras.
amanhã a empresa vai abrir vaga para admissão de candidatos ao emprego.,amanhã empresa abrir vaga pessoa admissão trabalho.
"você admite que errou, fale a verdade!",admitir você falar errado verdade!
a petrobrás tem duas vagas para admitir deficientes.,petrobrás vaga duas deficiente admitir.
não gosto de café com adoçante.,gostarnão café adoçante.
o café está amargo e precisa adoçar.,café amargo precisar adoçar.
"meu filho adoecer hoje, está com gripe",filho meu adoecer hoje gripe.
"meu filho tem três empregos, ele adoidou!","meu filho emprego três, adoidar !"
todos os sábados um grupo de adolescentes adora jogar futebol na praia.,grupo adolescente adorar jogar futebol areia todo sábado.
tenho dois filhos adolescentes.,eu ter dois filho adolescente.
meu gato adora carinho no pescoço.,gato meu adorar carinho pescoço.
os católicos adoram a virgem maria.,católico adorar maria.
meu bebê adormece quando anda de carro.,bebê meu veiculo mover adormecer.
"ele pegou uma criança para adotar, mas em uma semana ela sumiu.",ele pegar adotar menino pequeno 1 semana sumir.
ele é filho adotivo do meu tio.,ele filho adotivo meu tio.
"você adula seu filho, o que é isso, sabe que ele errou!",adular seu filho que isso você saber ele errar!
o adultério pode ser um problema futuro.,adultério futuro poder problema.
"ela não é mais criança, já é adulta.",criança ele não é já adulto.
ontem participei de um culto adventista.,ontem culto adventista eu participar.
vasco e flamengo serão adversários no próximo domingo.,vasco flamengo próximo domingo adversário.
ontem dois surdos brigaram e eu precisei adverti-los para parar.,ontem surdo dois brigar eu advertir parar.
o guarda advertiu o motorista por dirigir embriagado.,motorista embriagado dirigir guarda advertir.
ele é bom advogado.,ele advogado bom.
os horários do aerobarco estão lotados!,aerobarco horário lotado !
o governo brasileiro importou 4 novos aerobarcos do japão.,brasileiro governo importar japão aerobarco 4 novo .
"a aeromoça me tratou bem, eu gostei.",mulher sorridente avião tratar bem eu gostar.
a aeronáutica do brasil é poderosa.,brasil aeronáutica forte.
o aeroporto internacional está fechado por causa do fogo.,aeroporto internacional fechado por causa fogo.
o aerossol para matar mosquito está caro!,aerossol matar mosquito preço caro!
eu vi um aeróstato muito grande!,ver aeróstato grande muito!
senna foi afamado na fórmula 1!,fórmula1 senna afamado!
"ele não trabalha aqui, já foi afastado há muito tempo.",ele trabalhar aqui não já afastado muito tempo.
a sua cidade é afastada da capital.,cidade seu afastado capital.
"ela falou mal de você, agora é melhor afastar-se e acabar com essa amizade.",ele falar mal você agora melhor afastar amizade acabar.
"por favor, afaste os livros daquela mesa, eu preciso sentar e escrever.",favor mesa aquele você afastar livro eu precisar sentar escrever.
eu tenho afeição pele filho dele.,eu afeição filho dele.
falta você aferir se a balança está certa ou errada.,você faltar aferir certo errado balança.
você já aferiu as caixas que chegaram de portugal ?,você aferir caixa portugal chegar já ?
o afeto é bom para a criança se desenvolver com amor.,afeto bom criança amor desenvolver.
uma faca afiada é perigosa.,faca afiado perigoso.
preciso afiar a ponta do meu lápis!,precisar meu lápis afiar ponta!
eu dei muitos presentes ao meu afilhado.,afilhado presente dar muitos.
não tenho afinidade com meu primo.,eu afinidade primo ter não.
você já afivelou a mala?,você mala afivelar já?
afixei um papel na porta do banheiro para avisar que ela está com defeito.,papel afixar avisar porta banheiro defeito.
eu estou aflito por causa da prova de português amanhã.,eu aflito prova português amanhã.
porco adora afocinhar o lixo!,porco afocinhar lixo adorar!
"hoje na praia, vi um homem se afogando na água.",praia hoje eu ver água homem afogar.
"com a compra do novo apartamento, meu primo se afogou em dívidas.",primo meu apartamento novo comprar afogar.
eu emagreci e minha calça afroxou muito.,eu emagrecer calça afrouxar muito.
"você não pode nadar longe na praia, é perigoso, você pode se afundar.",você poder não nadar praia longe perigoso afundar.
"se você for alta e o seu namorado baixo, será obrigada a agachar para beijá-lo.",se você alto seu namorado baixo você obrigado agachar beijar.
"foi perfeito, o goleiro do fluminense pulou e agarrou a bola.",goleiro fluminense perfeito pessoa pular agarrar bola.
eu me agasalhei com um paletó pesado.,eu agasalhar paletó pesado.
você já agendou a reunião? porque não pode se esquecer!,você agendar já reunião? porque esquecer poder não!
"qualquer criança, surda ou ouvinte, é sempre agitada.",criança qualquer surdo ouvinte igual agitado.
"não posso resolver esse problema agora, é melhor deixar para depois.",resolver problema agora poder não melhor depois.
"hoje começam as férias; as aulas, só em agosto!",hoje começar férias aula só agosto!
o dia dos pais é no segundo domingo de agosto.,dia pai segundo domingo agosto é.
"a viagem para o recife foi boa e me agradou. no futuro, irei novamente.",viajar recife agradar bom futuro vou novamente.
eu agredeço a deus por estar bem de saúde,agradecer deus eu bem saúde.
o segurança agrediu o olho do meu sobrinho.,segurança olho agredir olho sobrinho meu.
"aquele professor é mau e agressivo, os alunos têm medo dele.",professor aquele agressivo mau aluno medo dele.
eu não gosto de comer agrião.,"agrião, gostar não comer ."
"a agricultura do brasil é ótima, por causa da terra boa.",lavrar campo brasil ótimo porque aqui terra bom.
você já agrupou os professores para a passeata contra a prefeitura?,você já professor agrupar passeata contra prefeitura.
sente-se e aguarde um pouco.,sentar aguardar esperar pouco.
minas gerais tem muito boa aguardente!,minas gerais aguardente bom muito!
é difícil colocar a linha na agulha.,linha costura agulha colocar difícil.
eu tenho medo de tomar injeção com agulha grande.,eu medo objeto fino pequeno injeção grande.
você agüenta subir até o alto daquela montanha?,você subir montanha até alto aguentar?
eu agüento empurrar o carro.,eu agüentar carro empurrar.
"ela é uma pessoa difícil, mas eu agüento.",ele pessoa difícil mas eu agüentar.
"a aids é perigosa, cuidado com o sexo sem camisinha.",aids perigoso cuidado sexo camisinha sem.
"ainda não terminei de fazer o bolo, estou atrasado!",bolo fazer terminar não. ainda fazer atrasado.
o arroz ainda não está pronto. eu vou fazer,eu arroz ainda não pronto fazer
minha tia fez um bolo de a-i-p-i-m delicioso!,tio meu fazer bolo aipim delicioso!
na igreja eu sempre me ajoelho para rezar a deus.,igreja eu sempre ajoelhar deus rezar.
nós dois vamos te ajudar com as compras da feira.,poder nós dois ajudar comprar feira.
quer que eu te ajude a estudar matemática?,querer ajudar estudar matematica?
precisamos limpar e ajuntar os brinquedos da escola que estão espalhados.,escola brinquedos espalhar precisar ajuntar limpar.
meu cunhado tem uma casa lá em alagoas.,lá alagoas meu cunhado ter casa.
o vestido alaranjado é bonito e combina com as pessoas morenas.,vestido alaranjado bonito combinar pessoa moreno.
meu carro tem alarme.,meu carro ter alarme.
"no mês passado, um vírus novo da gripe se alastrou na escola.",mês passado escola vírus novo gripe alastrar.
o presidente lula falou que conseguiu alcançar a áfrica e conversar com o governo de lá.,presidente lula falar conseguir alcançar áfrica conversar governo lá.
consegui alcançar o chapéu que o vento havia arrancado da minha cabeça.,chapéu vento cabeça arrancar eu alcançar conseguir.
vamos apostar ? ganha uma bala quem alcançar primeiro aquela árvore.,ir apostar? quem primeiro alcançar árvore aquele bala ganhar.
preciso comprar um novo alçapão.,precisar comprar alçapão novo.
nos estados unidos há muitos alces.,estados unidos ter muito alce.
eu ganhei um carro novo e fiquei alegre.,eu alegre ganhar carro novo hoje.
a alegria é boa para a saúde!,alegria boa saúde!
ele está com a alegria na cara.,ele cara alegria.
ele ainda não se operou do tumor da cabeça e por isso está aleijado.,ele tumor cabeça operar ainda aleijar.
eu gostei da música de aleluia cantada na igreja.,ontem lá igreja eu gostar música aleluia.
"hoje é um dia especial, jesus nasceu, aleluia!",hoje dia especial jesus nascer aleluia!
para chegar à universidade você deve ir além da praça vermelha.,chegar universidade você ir praça vermelha além.
a cerveja da alemanha é mais gostosa.,cpp alemanha gostoso mais.
antigamente muitos alemães vieram para o brasil.,antigamente pessoa alemo muito vir brasil.
eu tenho alergia a cheiro de poeira.,eu alergia poeira cheiro.
você não pode comer camarão porque tem alergia.,você poder não comer camarão você alergia.
esteja alerta com as pessoas que andam pelas ruas à noite.,você alerta rua noite pessoa andar!
"você precisa alertar para as motos andando na rua, é perigoso.",você olhar cuidado rua moto mover perigoso.
fique alerta com moto porque ela é perigosa!,olhar já moto perigoso!
o alfabeto tem 23 letras.,alfabeto quantidade 23.
você gosta de alface?,alface você gostar?
eu preciso procurar um bom alfaiate para fazer um terno para o casamento.,eu precisar procurar costurar homem fazer terno casamento.
eu furei meu dedo com um alfinete.,eu furar dedo alfinete.
"antigamente havia alfinete de fralda, agora acabou.",antigo fralda obrigado alfinete agora acabar.
o policial prendeu as mãos do ladrão com algemas.,polícia prender mão algema ladrão.
o brasil vendeu muito algodão para a china.,china algodão brasil vender muito.
tem alguém lá?,todo pessoa ter lá?
veio alguma pessoa?,algum pessoa vir?
virão algumas pessoas hoje?,hoje algum pessoa vir?
vieram para a palestra alguns engenheiros formados.,palestra todo vir algumo formado engenheiro.
feijão com alho fica gostoso!,feijão colocar alho gostoso.
"olhe ali, que arara linda!",ali arara lindo.
a inglaterra é aliada dos estados unidos.,inglaterra aliado eua.
"perdi minha aliança na praia, porque estava larga.",aliança largo eu perder praia.
onde você guardou o alicate?,você guardar alicate onde?
"eu cortava as unhas com o alicate e, por acidente, me machuquei.",eu alicate cortar unha acidente machucar.
você precisa se alimentar bem para evitar adoecer.,você precisar alimentar bem. evitar adoecer.
eu distribui vários alimentos para os pobres.,distribuir pobre comida vários.
qual é a alíquota do imposto de renda?,imposto renda alíquota qual?
eu quero alisar meu cabelo!,eu querer cabelo alisar!
"eu me alistei no exército, mas meu pai não queria.",eu já inscrição admitir exército pai meu querer não.
eu me alistei no campeonato de natação.,eu campeonato natação alistar.
eu estou aliviado porque já consegui emprego.,trabalho conseguir já eu aliviado.
"ontem, eu estava com enxaqueca, tomei comprimido, a cabeça melhorou e aliviou!",ontem eu enxaqueca tomar comprimido cabeça melhor aliviar!
que alívio saber que você passou no vestibular!,saber você passar vestibular eu alívio!
"a alma é eterna, não morre.",alma eterno morrer não.
eu almejo fazer mestrado em educação especial.,eu almejar mestrado educação especial.
"hoje eu almocei no rodízio de churrasco, foi gostoso!",hoje eu almoçar gostoso churrasco rodízio.
"no intervalo da hora do almoço, você faz o quê?",comer hora doze intervalo você fazer oquê?
"no intervalo do horário de almoço, você faz o quê?",almoço hora intervalo você fazer oquê?
na sua cama tem uma boa almofada!,cama seu bom almofada!
é gostoso comer almôndega com macarrão naquele restaurante!,restaurante ali almondega macarrão junto comer gostoso!
o alojamento do quartel é muito grande.,quartel lugar dormir grande muito.
o altar da igreja da penha é antigo.,penha altar igreja antigo.
"você digitou com letra vermelha, altere para preta.",você digitar computador letra vermelho alterar preto.
"você precisa alternar sua dieta, senão enjoa!",dieta enjoar precisar alternar.
eu sinto falta de ar por causa da altitude.,eu faltar ar por causa altitude.
onde está o alto-falante?,onde alto falante?
você já é alto.,você já alto!
a maioria das pessoas que joga basquete é alta.,maioria pessoa basquete todo alto.
ele fala alto.,ele falar alto!
o salário dos juízes é alto.,juiz salário alto.
qual é a altura do armário?,armário altura?
vou alugar a minha casa.,meu casa alugar.
o meu pai recebe aluguel de três casas.,meu pai receber aluguel casa três.
você sabe onde fica a loja que vende e aluga apartamentos?,você saber onde loja casa apartamento venda aluguel ?
"a janela da minha casa é de alumínio, boa e forte.",janela meu casa aluminio bom forte.
todos os alunos do ines são surdos.,ines aluno todo surdo.
o homem atirou a flecha e acertou bem no alvo!,homem atirar flecha acertar alvo perfeito!
"o cachorrinho está fraco e magro, precisa ser amamentado.",filho cachorro pequeno fraco magro precisar amamentar.
amanhã haverá aula de biologia.,amanhã ter aula biologia.
eu trabalho de madrugada e ao amanhecer eu vou embora para casa.,eu trabalhar madrugada amanhecer embora casa.
ele amansou o gato dele.,ele amansar gato delo.
ela tem um amante há cinco anos.,ele ter amante cinco ano.
o amapá fica longe do rio de janeiro.,amapá longe rio de janeiro.
minha esposa me ama muito!,esposo meu amar muito eu.
criança adora brincar de amarelinha todos os dias.,amarelinha criança adorar todo dia brincar.
aquela casa amarela é bonita.,aquele casa amarele bonito.
"detesto o gosto do jiló, é muito amargo!",jilo gosto amargo muito detestar!
minha sobrinha de dois anos já sabe amarrar o tênis.,sobrinho meu idade dois saber amarrar tênis.
"sua roupa está amassada, o que aconteceu?",roupa seu amassado acontecer?
o seu carro está amassado. o que aconteceu? bateu?,carro seu amassado que acontecer? bater?
ontem o carro do meu tio bateu no poste e amassou muito.,ontem tio meu carro bater poste amassar forte muito.
você tem coragem de amassar a barata com o pé?,você coragem barata pé amassar ?
você conhece a lenda da amazona? é excelente!,conhecer lenda mulher cavalgar? excelente!
o mundo cobiça a floresta do amazonas.,mundo cobiça amazonas floresta.
"os estados unidos têm ambição pele brasil, por causa da nossa floresta, rios, montanhas,etc.",usa ambição brasil por causa floresta montanhas rios.
o mecânico do meu pai é ambidestro.,mecãnico meu pai ambidestro .
"ambos estão certos, é melhor ficar em paz.",melhor paz ambos certo.
"ligue rápido para a ambulância, que vovô está passando mal.",vovo mal rápido telefonar ambulância.
o pai ameaçou o filho para falar a verdade.,pai ameaçar filho verdade falar.
"um homem, na rua, ameaçou a mulher para ela dar-lhe a bolsa.",homem rua ameaçar mulher bolsa dar.
"se você for comungar e o padre lhe der a hóstia, responda amém.",si você ir comungar padre hóstia dar responder amém
"ao terminar o culto, o pastor diz amém.",fim culto pastor falar amém.
"amendoim, elefante adora comer!","amendoim, elefante adorar comer."
eu já viajei por todo o continente americano.,eu já viajar américa todo.
cuba fica na américa central.,cuba lugar américa central.
"estados unidos, canadá e méxico são países da américa do norte.",país américa do norte estados unidos canadá méxico.
é melhor a economia da américa do sul se unificar.,americado sul economica unir melhor!
o meu pai é americano mas mora no brasil há trinta anos.,pai americano morar brasil 30 ano.
o divórcio de um casal de atores famosos foi amigável.,casal atores famoso divórcio amigável.
ontem eu e meu amigo fomos comer pizza.,ontem eu amigo comer pizza
por que vocês dois acabaram com uma amizade tão bonita?,vocês dois amizade bonito acabar porque?!
"eu detesto o cheiro de fumaça do cigarro, como ele me amola!",eu detestar cigarro fumaça cheirar amolar!
"a faca está ruim de cortar, por favor, você me ajuda a amolar?",faca cortar ruim ajudar amolar por favor?
eu amontoei as coisas no caminhão para levar para a outra casa.,caminhão eu jogar encher coisa levar outro casa.
meu amor por você diminuiu.,eu diminuir amor você.
meu primo nunca comeu amora.,primo meu comer nunca amora.
o amortecedor do meu carro se quebrou.,carro meu amortecedor quebrar.
vou pedir ao engenheiro para ampliar o meu banheiro.,pedir engenheiro banheiro meu ampliar.
a sala do trabalho do meu pai é ampla e bonita.,trabalho pai sala amplo bonito.
meu tio caiu da moto e teve que amputar o braço.,tio meu amputar braço moto veículo cair.
"ele é analfabeto, nunca foi à escola.",ele analfabeto nunca escola ir.
vou analisar sua proposta .,eu analisar proposta seu.
"na minha família, eu tenho ancestrais surdos.",fámilia meu ancestral ter surdo.
eu conheço um ancião que tem uma boa cabeça.,eu conhecer ancião cabeça bom já.
o navio demorou muito para ancorar.,navio ancorar demorar muito.
aquela loja tem andaime para alugar.,loja ali ter andaime alugar.
eu moro no segundo andar.,eu morar segundo andar.
o elefante tem um andar lento e pesado.,elefante animal andar mole pesado.
vocês duas andarão de bicicleta da escola até o restaurante.,escola vocês dois  andar de biclileta até restaurante.
o carro anda sozinho!,carro veículo mover sozinho!
"dom pedro i andou a cavalo, até são paulo, durante três dias.",pedro i andar de cavalo três dia até são paulo.
hoje andei cinco quilômetros da minha casa à praia.,hoje pessoa andar km 5 casa até praia.
"não faça barulho, ande nas pontas dos pés e assim evite acordar as pessoas.",barulho não andar pontapé evitar pessoa acordar.
seu anel é lindo!,anel seu lindo!
"eu estou triste, angustiado porque meu primo morreu ontem.",eu triste angustiado primo meu morrer ontem.
"não se angustie, porque seu carro roubado já foi encontrado.",angustiar não porque carro seu roubado encontrar já.
no zoológico há vários animais.,zoológico ter animal vário.
"você hoje terminou o namoro, mas não fique triste, anime-se.",hoje você namorar terminar triste não animar!
o terremoto aniquilou a cidade toda.,terremoto cidade todo aniquilar.
o aniversário dela é amanhã.,aniversário dele amanhã.
hoje é o aniversário de um aninho do meu neto.,apagar vela bater palmas neto meu 1 idade hoje.
ontem eu dormi e sonhei com anjos.,ontem dormir eu sonhar anjo muito.
o ano tem 12 meses.,ano ter 12 mês.
feliz ano novo!,feliz ano novo!
no ano novo vou viajar para a frança.,próximo estorar champanhe eu viajar frança.
no início do próximo ano eu vou à casa da praia do meu pai em cabo frio.,ano que vem ano novo ir praia cabo frio casa pai.
"no ano passado, comprei um carro.",ano passado comprar carro.
no ano que vem vamos nos formar em pedagogia.,ano que vem nós dois formar pedagogia.
"no ano que vem, eu vou mudar de casa.",ano depois eu mudar casa.
qual o ano do seu carro ?,carro ano?
quantos anos você tem?,você idade?
há anos que eu trabalho na mesma escola.,anos trabalhar mesmo escola.
um ónibus passou rápido e atropelou uma pessoa e eu anotei o número da placa dele.,ônibus veículo mover rápido pessoa atropelar eu anotar número placa.
eu vi a polícia anotar a placa do seu carro.,eu ver polícia placa carro seu anotar.
"o ônibus andou rápido, atropelou uma pessoa e eu anotei o número da placa.",ônibus veículo mover rápido pessoa atropelar eu anotar número placa.
a ansiedade é prejudicial à saúde.,ansiedade ruim saúde.
eu estou ansioso para viajar.,eu ansioso viajar.
o iraque e os estados unidos têm interesses antagônicos a respeito do petróleo.,iraque estados unidos petróleo interesse antagônico.
o meu amigo quer conhecer a antártica! corajoso!,amigo meu querer conhecer antártica! corajoso!
"meu amigo caiu da moto e quebrou o antebraço, foi horrível!",amigo meu moto veículo cair quebrar antebraço horrível!
você precisa divulgar a reunião com quarenta dias de antecedência.,reunião você precisar divulgar 40 dia antecedência.
é obrigatório anunciar a reunião da diretoria com antecedência de quarenta e cinco dias.,reunião diretoria obrigatório anunciar antecedência 45 dias.
o feriado de vinte um de abril é antecedente à prova do dia 22.,feriado 21 abril anteceder prova dia 22.
"meu tio antecipou a viagem à fortaleza, porque depois estará ocupado.",viagem fortaleza meu tio antecipar porque depois ele ocupado.
eu antecipei meu casamento para o mês que vem.,casamento eu antecipar mês depois.
"é ótimo a televisão ter antena parabólica, porque possui diversos canais.",televisão antena parabólica canal diverso ótimo.
"a imagem da tv está ruim. por favor, suba no telhado e arrume a antena.","favor, você subir telhado arrumar antena, tv imagem ruim."
a formiga tem antenas para se comunicar com as outras.,formiga ter antena comunicar outras formigas
a barata possui antena comprida.,barata ter antena comprida.
anteontem teve festa no clube.,anteontem clube festa ter.
"meu cabele é igual ao dos meus antepassados, como o meu avô.",cabele meu igual antepassado vovô meu.
no mês passado você me falou que viajaria para a austrália?,você mês anterior falar viajar austrália?
lembra-se que os filmes anteriores eram melhores.,lembrar anterior filme melhores
"antes eu era gorda, agora sou magra.",antes eu gordo agora magro.
"lave as mãos antes, para poder comer.",antes lavar mão poder comer.
esqueci de tomar a pílula anticoncepcional e agora estou grávida.,esquecer pílula evitar gravidez agora já eu grávida.
eu gosto de carro antigo.,eu gostar carro antigo.
no egito antigo construiram pirâmides bonitas.,egito antigo construir pirâmides bonito.
as antilhas são famosas no mundo como local para turismo.,antilhas local famoso mundo turismo.
"eu não gosto dele, ele é sempre antipático.",eu gostar não ele sempre antipático.
o festival da associação do chope é sempre anual.,associação chope festival sempre anual.
a prova de vestibular foi anulada por causa do roubo de prova.,prova vestibular anulado por causa roubo prova.
o professor anulou a prova de matemática porque os alunos já sabiam as respostas.,professor anular prova matemática porque aluno saber resposta já.
"ontem, no vôlei, a bola acertou e inchou meu dedo anular.",volêi ontem bola acertar dedo anular inchar.
a televisão anunciou às lojas vão diminuir o preço dos carro.,televisão anunciar amanhã loja carro preço diminuir.
"você viu hoje, na televisão, o anúncio da vacina?",você ver televisão anúncio vacina hoje já?
o rio tem peixe grande. é melhor pescar com anzol grande porque é mais dífícil de se quebrar.,rio ter peixe grande pescar melhor anzol grande quebrar difícil.
"eu tenho medo de ir à cozinha porque está escura, com a luz apagada.",cozinha luz apagado escuro eu medo.
"o professor de ciências é mau, jogou o apagador na cabeça do aluno.",professor ciências mau apagador jogar aluno bater cabeça.
você se esqueceu de apagar a luz do banheiro ontem.,ontem banheiro você esquecer luz apagar.
"você é fraco, não conseguiu soprar e apagar a vela.",você fraco conseguir não soprar apagar vela.
"mês passado, no carnaval, encontrei um colega de infância e fiquei apaixonada.",mês passado colega infância encontrar carnaval eu apaixonado.
"ontem, vi uma mulher linda na boate, apaixonei-me e tive vontade de namorá-la.",ontem boate ver mulher lindo eu apaixonar vontade namorar.
a polícia pegou o ladrão e apalpou todo o seu corpo para procurar maconha.,polícia ontem ladrão apalpar procurar maconha.
a mulher deixou cair a luva e o homem educado a apanhou e entregou.,"mulher luva deixar cair, homem apanhar entregar educado."
"o menino apanhou, com o cinto, do padrinho ruim.",padrinho ruim cinto apanhar menino.
seu pai não sabe aparafusar o armário.,pai seu saber não armário aparafusar.
aquele famoso ator de televisão sempre aparece na revista.,aquele ator famoso televisão revista aparecer sempre.
até que enfim você apareceu!,você aparecer até que enfim!
o meu pai não tem dinheiro para comprar o aparelho auditivo.,pai meu dinheiro não ter comprar aparelho auditivo.
na minha casa não tem aparelho de som porque minha família é de surdos.,casa meu ter não aparelho som porque família meu surdo.
"aparentemente ele não está com problema algum, mas é preciso fazer exame médico.","aparentemente ele problema nenhum, precisa fazer exame."
ela mora no apartamento de número 102.,ele morar prédio apartamento número 102.
fiquei apavorado ao ver meu amigo cair da árvore e quebrar o braço e o levei para o hospital.,eu ver amigo árvore cair braço quebrar eu apavorado levar hospital.
não se apavore quando aparecer um vampiro de mentira!,vampiro mentira aparecer você apavorar não!
eu adotei um filho e de repente me apeguei a ele.,eu adotar filho de repente apegar já.
"os alunos apelaram ao diretor para liberá-los da aula de segunda-feira, porque na terça-feira é feriado.",aluno apelar diretor ter não aula segunda feira porque feriado terça feira.
minha avó me apelidou de chocolate porque adoro comer chocolate.,eu sempre vovó meu nome apelidar chocolate porque adorar comer chocolate.
eu vou apelidar o professor de cabeludo.,nome apelidar professor cabeludo.
o apelido dele é cavalo.,ele apelido sinal cavalo.
apenas eu tomo um sorvete; vocês podem tomar mais.,apenas eu tomar um sorvete vocês poder mais.
meu chefe me pediu para aperfeiçoar o trabalho.,chefe pedir aperfeiçoar trabalho.
o professor me pediu que aperfeiçoasse o inglês.,professor pedir aperfeiçoar inglês.
ele está apertado por causa do pagamento das parcelas do carro.,ele apertado dinheiro porque pagamento parcela carro delo.
minha esposa adora usar calça apertada.,esposa meu calça apertado adorar.
"meu vestido está largo, vou pedir à minha mãe que aperte um pouco.",vestido largo eu pedir mae apertar pouco.
"as crianças, geralmente, não têm apetite.",criança ter não vontade comer.
os adolescentes de hoje têm um forte apetite sexual.,adolescente hoje apetite sexual forte.
a comida baiana é muito apimentada.,comida baiana apimentado muito.
"a polícia apitou, o homem que estava dirigindo fingiu que não ouviu e fugiu.",polícia apitar homem dirigir fingir ouvir não fugir.
meu filho comprou três apitos de cores diferentes.,filho meu comprar apito três diferente cor.
"sábado passado eu fui ao teatro e, no final, todos aplaudiram de pé.","sábado passado eu ir teatro, fim pessoa todo em pé aplaudir."
"eu vi um surdo fazendo poesia em língua de sinais, foi lindo, aplaudi muito.","eu ver surdo poesia língua sinais lindo, eu aplaudir muito."
está na hora de aplicar injeção.,hora aplicar injeção já.
todo mês eu aplico o meu dinhiro.,mês sempre dinheiro aplicar.
os pobres apoderaram-se do terreno abandonado.,pessoa pobre terreno vazio apoderar.
"avise à empregada que é preciso colocar a uva na geladeira, pois se não colocar, a uva vai apodrecer.",avisar empregado precisar uva colocar  geladeira se colocar não uva apodrecer.
"como ator, ele já atingiu o apogeu.",ele ator apogeu já.
"a minha família apoia financeiramente meu irmão, que tem quatro filhos e uma vida com dificuldades.",familia meu apoiar dinheiro irmão meu filho 4 vida dificil muito.
o governo apoiou a proposta de intérprete na escola para os surdos.,proposta intérprete escola surdo governo apoiar.
"por favor, me empreste o seu apontador?",poder emprestar apontador seo?
a ponta do lápis quebrou e eu o apontei com o apontador.,lápis ponta quebrar eu apontador apontar.
você apontou para essa pessoa. quem é?,você apontar pessoa qum?
"após à festa, nós iremos para casa.",ápos festa nós ir casa.
a maioria das pessoas aposentadas recebem pouco.,aposentado maioria receber pouco.
o dinheiro da minha aposentadoria é muito pouco.,aposentadoria dinheiro meu pouco muito.
falta um ano para o meu tio se aposentar.,faltar 1 ano tio meu aposentar.
os dois amigos apostaram uma corrida de carro.,eles dois amigo apostar corrida carro.
"antes de morrer, jesus fez uma ceia com os doze apóstolos.",jesus morrer antes ceia junto 12 seguidores
ela viajou para o amazonas e apreciou muito a bonita floresta!,ele viajar amazonas apreciar floresta bonito!
a polícia subiu o morro para apreender o homem e as drogas que vendia.,polícia subir morro apreender homem vender droga.
"eu aprendi a dirigir com meu pai, que me ensinou há três anos.",eu aprender dirigir 3 ano atrás pai ensinar.
ela apresentou um desfile de moda diferente!,ele apresentar desfile moda diferente!
"na segunda-feira, você precisa apresentar-se no novo trabalho.",trabalho novo você precisar estar segunda feira.
por que você não me apresentou a seu pai?,porque apresentar não pai seu?
ele apressou-se para chegar cedo ao trabalho.,ele apressar chegar cedo trabalho.
apresse-se que o desfile vai começar agora.,você apressar desfile começar agora.
a polícia aprisionou o advogado porque ele falsificou os documentos.,polícia aprisionar advogado ele documento falsificar.
você precisa se aprofundar nos estudos para conhecer psicologia.,você precisar aprofundar estudar conhecer psicologia.
meu amigo foi aprovado na prova de vestibular.,amigo meu prova vestibular aprovado.
foi aprovada a lei sobre a gratuidade de transporte para surdos.,ônibus metrô lei surdo entrar gratuidade aprovado.
ela está feliz porque foi aprovada no vestibular.,vestibular prova ele aprovado feliz.
a professora aprovou todos os alunos com uma boa nota de português.,aluno todo aprovar prova português nota bom.
o governador aprovou a verba para a construção de novas escolas.,governador aprovar verba novo escola construir.
eu vou viajar para o paraná e aproveitar para conhecer tudo.,eu viajar paraná aproveitar conhecer tudo.
"meu primo desistiu de viajar de avião, deu-me a passagem e eu aproveitei.",primo desistir avião viajar dar passagem eu aproveitar.
tenho vontade de me aproximar e paquerar aquele homem bonito.,homem bonito ali eu vontade aproximar pessoa paquerar.
o nosso trem está quase se aproximando da ferroviária.,trem nosso aproximar ferroviária quase.
o médico mandou avisar que você está apto a trabalhar amanhã.,médico avisar voce pode trabalhar amanhã.
meu primo me deu um lindo aquário.,primo meu dar aquário lindo.
eu sou de aquário e vocês dois são de leão.,eu aquário vocês2 leão.
o aquecedor da cozinha quebrou.,aquecedor cozinha quebrar.
"dentro da casa está frio, vou acender a lareira para aquecer o ambiente.",casa dentro frio eu ir lareira acender aquecer ambiente.
aquele livro é muito caro.,livro aquele caro muito.
é aqui a rua das laranjeiras?,aqui rua laranjeiras?
o ar de são paulo é muito poluído.,são paulo ar poluído muito.
a arábia saudita tem muito petróleo.,arábia ter muito petróleo.
aracajú é a capital de sergipe.,aracajú capital sergipe.
vou comprar 100 metros de arame para cercar a minha fazenda.,eu comprar arame 100 metros cercar fazenda.
o veneno da aranha é perigoso.,aranha perigoso veneno.
o homem arou a terra e depois plantou milho.,homem arar depois milho plantar.
na casa do meu amigo tem uma arara linda!,casa amigo meu ter arara lindo!
você irá arbitrar o jogo do flamengo e vasco no maracanã ?,você arbitrar vai jogo flamengo vasco maracanã?
lá no sítio da vovó há muitos arbustos.,vovó meu sítio lá ter muito arvores pequenas.
"sempre que a chuva acaba, surge um lindo arco-íris.",sempre chuva acabar arco-íris lindo aparecer.
"meu sobrinho vai às olimpíadas, participar de uma prova de arco e flecha.",meu sobrinho vai arco flecha olímpiada.
todo dia minha amiga usa um arco diferente.,meu amigo todo dia usar arco diferente.
ontem peguei muito sol o dia todo na praia e meu corpo está ardendo e doendo.,ontem praia sol dia todo corpo dor pele quente.
vovó enconstou a mão no fogão e agora a mão dela está ardendo.,vovó meu fogão mão encostar agora arder.
a comida baiana arde muito e eu não como mais.,eu comida baiana arder muito nunca mais.
nas praias do ceará a areia é bonita e muito branca.,praia ceará terra areia bonito branco muito.
faz muito frio na argentina.,argentina lá frio muito.
"ele é diferente, parece ser argentino ou italiano.",ele diferente parecer argentino ou italiano.
o ladrão escondeu a arma na mochila.,ladrão arma esconder mochila.
"seu armário está bagunçado e feio, é preciso arrumá-lo.",armário seu bagunçado feio precisar arrumar.
o aroma daquela flor é suave.,flor aquele aroma suave.
o palmeiras precisa um arqueiro profissional.,palmeiras precisa arqueiro profissional.
ela sempre arqueja porque tem asma.,ele sempre arquejar problema asma.
chamei um arquiteto para fazer o desenho da minha casa.,chamar arquiteto desenhar casa meu.
no ano que vem meu filho vai se formar em arquitetura.,meu filho arquitetura ano que vem formar.
você já arquivou os documentos na minha sala?,você já arquivar meu documento sala?
a escola tem um arquivo velho.,escola ter arquivo velho.
"eu, quando era criança, adorava soltar arraia.",antes eu acrinaça adorar soltararraia.
hoje o meu tio arrancou a cenoura da terra.,tio meu hoje cenoura arrancar.
o gato arranhou o braço daquela moça.,moço aquele gato braço arranhar.
meu amigo arranjou um trabalho com bom salário.,trabalho amigo meu arranjar salário bom.
ontem eu arranjei uma nova namorada.,eu novo namorado arranjar ontem.
"na idade da pedra, o homem arrastava a mulher, segurando-a pelos cabelos.",antigamente idade pedra homem cabele mulher segurar arrastar.
o saco arrebentou e caiu no chão.,saco arrebentar caiu chão.
aquele homem rico arrematou o quadro por duzentos mil.,homem aquele rico levantar mão arrematar quadro 200 mil.
o professor de educação física arremessou a bola para muito longe.,professor educação física bola arremessar longe muito.
eu me arrependi por ter comprado um carro velho porque o motor está com muitos problemas.,eu arrepender comprar carro velho motor problema.
o homem mostrou uma cara de arrependimento ao separar-se da mulher.,homem separar mulher cara arrependimento.
eu arrepiei quando ele colocou a mão gelada em meu ombro.,ele mão tocar ombro gelado eu arrepiar.
ele é tão arrogante que não gosta de conversar com pessoas pobres.,ele arrogante muito gostar não conversar pobre.
o advogado me pediu para arrolar meus bens.,advogado pedir arrolar bens meu.
"ontem, de madrugada, o ladrão arrombou a porta da minha casa.",ontem madrugada ladrão porta arrombar casa meu.
ele arrotou porque bebeu muita coca-cola.,ele arrotar porque coca cola beber muito.
eu sempre como arroz com feijão porque eu gosto.,eu sempre comer arroz feijão junto eu gostar.
"eu já estou arrumado, esperando minha noiva, para passearmos juntos.",eu arrumado esperar noivo meu junto ir passear.
minha empregada arruma muito bem a casa.,empregado meu arrumar casa perfeito.
vamos arrumar tudo para a festa da formatura da minha neta.,nós arrumar tudo festa meu neto formatura.
as mulheres demoram para se arrumar.,mulher demorar arrumar.
quem está articulando a sua candidatura para a presidência do clube?,clube candidatura presidência responsável articular quem?
meu amigo rico comprou uma fazenda e plantou um extenso arvoredo de diferentes tipos.,amigo meu rico comprar fazenda arvoredo plantar diferente.
aquele homem cortou as asas do papagaio. que absurdo!,aquele homem papagaio asa cortartesoura absurdo!
ontem eu vi na televisão que um avião quebrou a asa e caiu.,ontem ver televisão avião asa quebrar avião cair.
"amanhã, no churrasco na minha casa, você prefere asa de galinha ou coração?",amanhã casa meu churrasco você preferir asa galinha ou coração ?
"jesus morrer e, depois de três dias, jesus ascendeu ao céu.",jesus morrer 3 dia depois jesus ascender.
minha rua está com asfalto novo.,rua casa meu asfalto novo.
"o menino colocou um plástico na cabeça, asfixiou-se e morreu.",menino plástico colocar cabeça asfixiar morrer.
eu conheço um médico muito bom que trata da asma. quer que lhe dê o telefone?,eu conhecer médico bom consultar problema  asma. querer dar telefone?
o nome da peça de teatro é os surdos enamorados.,teatro nome aspas os surdos e namorados.
o adolescente esfolou-se no escorregador por causa da sua aspereza.,adolescente escorregador esfolar por causa aspereza.
"no natal, meu marido me deu um aspirador de pó de presente.",marido meu natal presentear aspirador de pó.
aproveite para aspirar o ar puro da montanha!,montanha ar puro aproveitar aspirar!
o cheiro do hospital é asqueroso!,hospital cheiro asqueroso!
você gosta de peixe assado?,peixe assado você gostar?
ontem dois homens assaltaram o ônibus.,ontem ônibus homem dois assaltar.
minha mãe vai assar a carne agora.,mãe meu carne assar agora.
"na padaria, um cachorro estava babando, olhando o frango assar.",padaria lá cachorro babar olhar frango assar.
eu vi na tv um homem ruim que assassinou três crianças.,ver tv homem ruim crianças 3 matar.
eu freqüento a igreja da assembléia de deus.,eu igreja assembléia deus frequentar.
"na semana passada fui à assembléia, para votar no novo presidente da feneis.",semana passada eu ir feneis assembleia novo votar presidente.
"ele é assim, adora brigar!",ele assim adorar brigar!
os alunos não conseguiam assimilar suas explicações.,aquele aluno conseguir não assimilar você explicação.
ontem eu fui ao banco assinar os documentos.,ontem eu ir banco assinar documento.
eu quero fazer assinatura semestral do jornal.,eu querer jornal assinatura semestral.
os meus pais estão muito velhos e preciso contratar uma assistente para cuidar deles.,eu procurar pessoa colocar assistente cuidar pai mae meu porque velho muito.
a escola de surdo tem duas assistentes sociais.,escola inês surdo ter 2 assistente social.
nós três iremos à feneis assistir à assembléia.,nós três ir feneis assistir assembleia.
hoje vou assistir a um bom filme no cinema.,hoje ir cinema assistir filme bom.
quero assistir à palestra dele.,palestra dele querer assistir.
a empregada já encerou o assoalho.,empregado assoalho encerar já.
meu filho vive assoando o nariz porque ele tem alergia a poeira.,"filho meu poeira alergia, precisar assoar sempre."
o menino assobiou para chamar o cachorro e ele veio correndo para receber carinho.,menino assobiar cachorro ouvir animal correr junto carinho.
onde você ouviu o assobio?,você assobio ouvir onde?
o brasil tem diversas associações de surdos.,brasil ter associação surdo muito.
os dois advogados vão se associar para trabalhar juntos.,advogado dois trabalhar junto associar vai.
eu não gosto do filme de assombração.,filme assombração eu gostar não.
o presidente da associação faleceu e o vice- presidente assumiu.,presidente associação falecer vice presidente assumir.
eu assumo o meu filho e tenho a responsabilidade de sustentá-lo.,assumir filho meu responsabilidade sustentar.
você assume que cometeu adultério?,você adultério assumir?
o grupo de jovens discutiu sobre o assunto drogas.,grupo jovem discutir conversar o que droga.
"você me assustou jogando em mim um rato de mentira, de borracha.",eu assustar jogar rato borracha mentira.
vou estudar na faculdade de astronomia.,vou estudar faculdade astronomia.
"meu marido, quando jovem, era astuto e conseguia vender tudo na loja.",meu esposo passado jovem astuto loja vender tudo conseguir.
ontem um cachorro bravo atacou o menino.,ontem cachorro bravo atacar morder menino.
"o flamengo atacou muito o vasco, mas não ganhou.",flamengo trave atacar muito vasco ganhar não.
estou nervoso porque um cachorro bravo me atacou e mordeu.,ontem cachorro bravo atacar morder eu nervoso!
vamos pegar um atalho para chegar mais rápido em casa.,nós dois atalho casa chegar rápido.
o parafuso da porta do carro caiu e eu vou atarraxar.,carro porta parafuso eu atarraxar.
você precisa ler o livro da página cinco até quatorze.,você precisar ler livro número 5 até 14.
até logo! amanhã nos encontraremos no cinema.,até logo! amanhã encontrar lá cinema.
"na floresta é perigoso atear fogo, porque pode se alastra.",floresta perigoso acender fósforo fogo poder alastrar.
atenção! é perigoso dirigir batendo papo.,dirigir bater papo perigoso atenção!
"ele está cansado, nada de atenção na aula!",ele cansado aula atenção nada!
ele está com a atenção voltada para a palestra.,ele atenção palestra.
"ontem eu estava doente, agora preciso de um atestado médico para apresentar no trabalho.",ontem eu doente precisar documento médico apresentar trabalho.
eu tenho um documento que atesta que aquele aluno faltou porque esteve doente durante dois dias.,eu ter documento atestar aluno aquele faltar doente 2 dias.
tenho um amigo que é ateu.,eu ter amigo ateu.
a mulher morreu porque foi atingida por uma bala perdida na cabeça.,ontem bala atingir cabeça mulher morrer.
o homem assaltou a loja e atirou em uma mulher.,homem assaltar loja revólver atirar mulher.
voce atirou a pedra e quebrou o vidro da janela.,você pedra atirar janela vidro quebrar.
na olimpíada um surdo ganhou duas medalhas no atletismo.,olimpíada surdo ganhar medalha duas atletismo.
não fique atônito. não há nada ruim.,não atônito nada ruim.
conhece aquele homem? é um famoso ator de novela.,conhecer homem aquele? famoso ator novela é.
eu tenho atração pela mulher loura.,eu atração mulher loura.
aquela propaganda sobre o pacote de viagem para a europa me atrai muito.,aquele propaganda viagem europa pacote atrair muito.
ela sempre se intromete e atrapalha o trabalho.,ele sempre intrometer trabalho atrapalhar.
"desculpe-me, estava xerocando e me atrapelhei, não era para xerocar este papel, mas o outro.","desculpe eu xerocar atrapalhar, papel esto não ser outro."
ontem eu estava na fila do banco atrás de três pessoas que tagarelavam.,ontem eu fila banco atrás pessoa 3 tagarelar.
amigo sempre ofende de frente só o covarde fala atrás.,amigo sempre ofender pessoa frente nunca só atrás ele covarde.
ela sempre se atrasa para o trabalho.,ele sempre trabalho atrasar.
"tenha atenção ao atravesar a rua, os carros passam ligeiros, é muito perigoso!","atenção rua atravessar! carro rápido, perigoso muito."
ela é uma boa atriz.,ele ator mulher bom.
o ônibus atropelou três crianças.,ônibus veículo atropelar pessoa 3 crianço.
você sabe o nome do atual presidente do brasil?,você saber nome presidente brasil atual?
que dia você vai atuar no teatro?,você teatro atuar dia?
"as pessoas têm cinco sentidos: audição, paladar, olfato, tato e visão.",pessoa ter 5 sentir ouvido ouvir paladar olfato tato visão.
a sua audição está boa?,audição seu bom?
preciso fazer audiometria para saber se tenho algum problema de audição.,eu precisar audiometrica saber problema audição.
"eu sinto, com certeza, que o auditório estará lotado amanhã.",amanhã sentir certo auditório lotado.
"a aula de português começará na sala 4, às sete horas.",português aula começar hora 7 número sala 4.
a minha família vai aumentar porque minha esposa está grávida novamente.,família meu aumentar esposo meu grávida novamente.
amanhã a gasolina vai aumentar.,gasolina amanhã vai aumentar.
nós precisamos aumentar a sala!,nós precisar sala aumentar!
ele quer que aumente o volume do som.,ele querer aparelhodesom aumentar.
você conhece a austrália?,você conhecer austrália?
"meu filho é australiano, não é brasileiro.",meu filho australiano não brasileiro.
"ele é austríaco, não se acostuma com o calor aqui do brasil.",ele austríaco acostumar não calor aqui brasil.
preciso autenticar meu documento hoje.,precisar autenticar documento meu hoje.
meu relógio é americano e automático.,relógio meu americano automático.
comprei um carro importado automático.,eu comprar carro importado automático.
meu amigo adora automobilismo.,amigo meu adorar carro corrida.
eu tenho vontade de comprar um automóvel novo.,eu vontade comprar automóvel novo.
meu pai se aposentou como vendedor autônomo pele i.n.s.s.,meu pai vendedor autônomo i.n.s.s. aposentar já.
o autor desse livro é surdo.,livro esto autor homem surdo é.
a escola respeita a autoridade da diretora.,escola diretoro autoridade respeitar.
a mãe autorizou o filho a ir no passeio da escola.,passeio escola mãe autorizar filho dele ir.
a professora me pediu para auxiliar o aluno com dificuldade de aprendizado.,professor pedir auxiliar aluno aprendizado dificuldade.
a pessoa pobre precisa de auxílio do governo.,pobre auxílio governo precisar.
o homem determinou o valor de venda para a mansão.,casa grande homem ver pesquisar preço vender.
preciso avaliar o meu apartamento.,precisar apartamento meu avaliar.
"a rainha vitória, da inglaterra, abdicou do trono por causa da sua avançada idade.",rainha vitória inglaterra abdicar por causa idade avançado.
"minha avó tem idéias avançadas, parece jovem!",avo meu idéia avançado. parece jovem!
o carro avançou o sinal vermelho.,carro veiculo avançar sinal vermelho.
"desculpe-me, mas eu cheguei primeiro, você não pode passar à minha frente.","desculpe,chegar primeiro. você poder não avançar pessoa!"
aquele homem é muito avarento.,aquele homem avarento muito.
a avareza não é coisa boa.,avareza bom não.
quer conhecer todas as aves no zoológico?,zoológico ave diversos querer ver?
você vai de carro pela avenida brasil?,você ir carro avenida brasil?
eu comprei um avental lindo!,eu comprar avental lindo!
meu noivo sempre teve aversão a fígado.,meu noivo sempre fígado aversão.
nunca vi uma avestruz!,avestruz nunca ver!
um homem rico tem seu próprio avião.,homem rico ter próprio avião.
o meu tio já pilotou avião de guerra.,meu tio avião guerra pilotar já.
você já andou no avião a jato?,avião jato você já voar?
favor avisar a eles que não haverá aula amanhã.,favor avisar amanhã aula ter não .
meu avô tem cem anos.,avo meu homem idade 100.
o meu avô tem 100 anos.,meu avo idade 100.
eu tenho problemas nas axilas e não posso usar desodorante.,eu problema axila poder não usar desodorante.
ela caiu da escada. que azar!,ele escada pessoacair azar!
"qual é mais azedo, o limão ou a laranja?",qual azedo forte limão laranja?
o azeite português é o melhor do mundo!,azeite portugal dele melhor mundo!
meu filho adora comer azeitona verde.,filho meu adorar comer azeitona.
eu prefiro comprar um carro azul escuro.,eu comprar carro cor preferir azul escuro.
meu nome começa com a letra b.,nome meu começar letra b.
a baba do cachorro é horrível.,baba cachorro horrível.
a babá é ótima e trata bem dos meus filhos.,tomar conta bebê ótimo tratar bem filho meu.
"a babá faltou, estou preocupada.",baba faltar eu preocupado.
ela quer o casaco com babado no pulso.,ele querer casaco babadopulso.
aquele bebê precisa de babador.,bebê aquele precisar babador.
ontem eu vi uma mulher linda e fiquei babando.,ontem eu ver mulher lindo muito eu babar.
hoje vamos ao restaurante só para comer bacalhau.,hoje nós restaurante só comer bacalhau.
na feira de niterói vendem bacalhau muito mais barato.,niteroi lá feira vender peixe bacalhau preço barato.
"por favor, procure a bacia, eu não achei.",favor procurar bacia eu achar não.
as pessoas do maranhão adoram suco de bacuri.,pessoa lá maranhão adorar suco bacuri.
às seis horas da tarde o sino da igreja dá seis badaladas.,hora 6 tarde sino igreja badalada quanto 6.
minha bagagem sumiu no aeroporto.,bagagem meu sumir lá aeroporto.
"minha mãe saiu, meu irmão vai bagunçar.",mãe meu sair irmão meu bagunçar vai.
eu já fui à bahia durante o carnaval.,carnaval eu ir já bahia.
"aquela bailarina é famosa, eu conheço.",bailarino aquele eu conhecer ele famoso.
amanhã à noite eu quero ir ao baile.,amanhã noite eu querer ir baile.
eu vou levar o meu vestido para a costureira fazer a bainha.,vestido meu eu levar mulher costurar bainha.
em que bairro você mora?,você morar bairro qual?
"o preço de televisão baixou, vou comprar logo.",televisão preço baixar eu precisar rápido comprar.
o médico falou que meu filho precisa tomar remédio para crescer porque ele está baixo.,médico falar filho meu precisar tomar remédio crescer porque ele baixo.
aquele menino bajula minha professora de ciências.,menino aquele professor meu ciências bajular.
"a polícia precisa de munição para o tiroteio, pois vai prender os bandidos no morro.",polícia precisar bala revólver vai tiroteio morro bandido.
as crianças adoram bala de uva.,bala uva criança adorar.
a balança do supermercado estava com defeito.,balança lá supermercado defeito.
vovó adora balançar na cadeira e fazer tricô.,vovo adorar balançar cadeira tricotar.
meus sobrinhos querem balançar de gangorra lá na praça.,sobrinho meu querer balançar gangorra lá praça.
"eu sonho ficar deitado, balançando na rede e descansando.",eu sonhar balançar rede descansar.
"todo mês, obrigatoriamente, é feito o balanço na loja.",todo mês loja balanço soma obrigatório.
o balanço do parque da praça está quebrado.,praça parque balanço quebrado.
"para a festa de um ano do meu filho, eu decorei a casa com balões coloridos.",festa meu filho 1 ano balão colorido decorar.
não é bom soltar balão. é perigoso ele cair e provocar incêndio em uma casa.,bom não balão perigoso si cairbalão casa fogo.
amanhã vou com meu filho ao sítio do meu primo para ver o balão.,amanhã eu filho junto ir sitio primo ver balão.
"eu vi esta criança surda balbuciando, que fofinha!",seu filho bebê balbuciar fofo!
eu vi um bebê surdo tentando se comunicar através da língua de sinais. é tão fofinho!,eu ver bebê esto surdo balbuciar fofo!
preciso comprar um balde.,eu comprar balde precisar.
a baldeação daquele metrô demora demais.,lá metrô estação troca demorar muito.
nós dois iremos assistir o balé em copacabana.,nós dois vamos assistir lá balé copacabana.
"ontem eu vi, na televisão, uma baleia morrer.",ontem ver televisão baleia morrer.
eu viajei para amazonas e fui de carro pela balsa.,eu viajar lá amazonas carro veículo balsa.
quando eu era pequena adorava brincar de bambolê todos os dias.,antigamente eu pequeno brincar bambolê tododia.
a criança bamboleia com mais perfeição do que o adulto.,criança bambolear perfeito do que adulto.
vou pegar bambus para fazer barracas para a festa junina.,pegar bambu fazer barraca festa junina.
comer banana é importante para a saúde.,banana comer importante saúde bom.
o namorado dela trabalha em uma banca de jornal que sempre abre cedo.,namorado dele trabalhar banca jornal sempre abrir cedo.
o banco da praça quebrou.,banco sentar lá praça quebrar.
agora eu vou ao banco porque preciso pagar a conta de luz.,agora eu ir banco precisar pagar luz.
minha casa fica perto do banco.,meu casa perto banco.
ele é responsável pela banda.,ele responsável grupo bateria.
onde está o bandaid?,onde bandaid?
a bandeira do brasil tem cores bonitas.,bandeira brasil cores bonito.
minha filha quer ser uma futura bandeirante para ajudar a preservar as árvores e os animais.,filho querer futuro bandeirante ajudar preservar árvores animais.
aquele bandeirinha corre pouco.,bandeirinha aquele correr mole.
você tem uma bandeja de prata ou de madeira?,você ter bandeja prata ou madeira.qual?
o bandido se escondeu naquela casa.,homem bandido esconder lá casa.
"filme antigo de bangue-bangue é muito bom, eu gosto.","filme antigo bangue bangue bom muito, eu gostar."
"aquele homem é um coitado, as pessoas zombam dele por ser banguela.",homem aquele coitado pessoa todo zombar ele banguela.
o sol está forte e eu vou me banhar na lagoa para refrescar.,dia tempo quente eu banhar lagoa frio gostoso.
"na casa da minha mãe tem banheira antiga, que eu adoro.","casa mãe banheira antiga, adorar."
meu apartamento tem três banheiros grandes.,meu apartamento banheiro 3 grande.
você não tomou banho?,você tomarbanho não?
os homens brigaram na boate e o segurança baniu os dois.,ontem lá boate homem os dois brigar dentro homem inspetor banir.
ontem teve banquete delicioso.,ontem comida banquete delicioso.
ontem meus dois amigos brigaram violentamente no bar.,ontem meu amigo 2 beber brigar bar bruto.
eu comprei um baralho luxuoso e caro.,eu comprar baralho caro.
a maioria das mulheres tem pavor de baratas. é assim mesmo.,maioria mulher pavor barata assim.
"melhor comprar roupa na fábrica, é mais barato.",melhor comprar fábrica roupa dinheiro barato.
"lá na feira de niterói, vendem-se peixe e bacalhau bem baratos.",niteroi lá feira vender peixe bacalhau preço barato.
conhece uma loja qualquer que venda barato?,você conhecer loja qualquer vender roupa dinheiro pouco?
eu gosto de homens que têm barba.,"homem barba, gostar."
você tem um barbante? eu preciso amarrar a caixa.,você ter barbante? eu precisar caixa amarrar.
compre um barbeador que o supermercado está vendendo barato.,supermercado barbeador ver dinheiro barato comprar.
onde está o barbeador elétrico?,barbeador eletrico onde?
"não gosto de ir no carro dele, tenho medo, ele é barbeiro.","gostar não carro dele junto medo, ele barbeiro."
aquele homem barbudo é tio dele.,homem barbudo aquele ser tio delo.
"que barca enorme, parece uma casa!",barca enorme parecer casa!
"é divertido pescar do barco, é muito bom!",divertir barco pescar bom!
a academia perto da minha casa tem uma barra de ferro enferrujada.,academia casa perto cilindro comprido ferro enferrujado.
minha esposa adora comer uma barra grande de chocolate.,esposa meu adorar comer barra grande chocolate.
o vento forte levou a barraca na praia.,praia vento forte barraca voar.
hoje de manhã teve engarrafamento por causa da barreiras de obras.,hoje manhã carro engarrafamento por causa barreira obras.
"este modele tem a barriga bonita, estou boquiaberta.",modele homem perfeito barriga eu boqui aberto.
você engordou e agora ficou barrigudo.,você engordar agora barrigudo.
no festival de chopp havia muitos barris de chopp. caramba!,chopp festival barril muito.caramba!
seu filho estava brincando e sua camisa ficou suja de barro.,filho seu brincar sujo camisa barro.
os alunos pequenos são sempre barulhentos.,aluno pequeno sempre bagunça barulhento.
ouvi um barulho estranho no seu carro.,seu carro barulho estranho.
"o basquete da nba, dos estados unidos, tem os salários mais altos do mundo.",estados unidos lá basquete nba famoso.
"você está dizendo bobagens, basta!",você dizer bobagem basta!
o bastão dele sumiu!,bastão dele sumir!
minha avó faz uma batata deliciosa!,batata meu vovo fazer forno delicioso muito!
sua prima não gosta de comer batata doce.,seu primo comer gostar não batata doce.
batata frita é deliciosa! todo mundo come.,batata frita delicioso! todo mundo gostar comer.
"como vou assar o bolo, se minha batedeira quebrou?",eu cozinhar bolo batedeira meu quebrar como
"estranho, eu fiquei tocando à porta, mas minguém foi abri-la!","estranho, porta tocar minguém abrirporta!"
a mãe bateu na criança porque ela foi malcriada.,criança malcriado mãe bater.
todo mundo gosta de bater papo com os amigos.,todo gostar baterpapo amigo.
meu filho quer comprar a bateria.,meu filho querer comprar bateria.
a bateria do carro dela está fraca.,carro dele bateria fraco.
na festa junina do ano passado a batida de coco não foi gostosa.,festajunino ano passado batida coco ruim.
"você viu, ontem, a batida de carro em ipanema?",ontem você ver carro batida local ipanema?
meu amigo me convidou para ir a uma igreja evangélico para ver o batismo dele.,amigo meu convidar igreja evangélica ver batismo delo.
"hoje na igreja, é importante todos participarem do batismo.",hoje igreja batismo todo participar importante.
aquele padre batizou você quando era pequeno.,aquele padre você pequeno ele batizar.
amanhã meu irmão será batizado na igreja.,amanhã meu irmo batizar lá igreja.
você esqueceu o batom lá em casa.,você esquecer batom deixar lá casa.
é proibido batucar na biblioteca!,batucar dentro biblioteca proibido!
no andar de cima da casa há um baú antigo.,casa cima ter baú antigo.
aquele velho bêbado é chato e tagarela.,velho aquele bêbado chato falar muito.
cuidar de um bebê é muita responsabilidade!,bebê cuidar responsabilidade é!
o bebedouro daquela escola estava com defeito.,bebedouro lá casa estudo defeito.
"o filho dele, de dois anos, sabe beber com canudo.",filho dele idade 2 saber beber canudo.
ele gosta de beber cerveja no copo.,criança gostar beber copo sozinho.
"tome cuidado ao beber café, pois está muito quente.",cuidado beberxícara devagar esto quente muito.
"aquele grupo de pessoas se reúne toda sexta-feira para beber no bar, até à madrugada.",pessoa grupo aquele sextafeira todo bar beber madrugada.
o carro gol 1.8 bebe muita gasolina!,carro gol 1.8 gasolina beber muito!
evite essa bebida que tem veneno! cuidado!,cuidado esso beber^város veneno ter evitar!
"o bege é uma cor bonita, a que mais gosto.",cor bonito eu gostar mais bege.
hoje de manhã eu vi o beija-flor voando bonito.,hoje manhã eu ver beijaflor voar rapido.
você já beijou as bochechas da tia?,você beijarbochecha já tia?
"aquele garoto quer beijar, mas não pode.",aquele jovem quer beijar boca intensamente poder não.
aquele homem beija tão intensamente que fico tonta!,homem aquele beijar boca intensamente perfeito eu tonta!
"tchau, mando beijos. depois nos encontramos.",tchau beijarmandar depois encontrar.
o pessoal gosta de assistir beisebol na televisão.,pessoal gostar assistir televisão beisebol.
a fazenda da minha amiga tem a beleza das flores.,fazenda amiga meu flor beleza.
minha família é da bélgica.,familia meu lá bélgica.
"aquela loja está em promoção, vendendo um beliche muito bonito.",loja vender promoção cama beliche bonito.
"eu chorei com dor no braço, pois ele me beliscou forte.",eu chorar dor braço ele beliscar forte.
"a austrália só tem casas belas, eu fiquei boquiaberto.",austrália lá eu boquiaberto casa só belo.
a cidade de bele horizonte tem muitas ladeiras.,cidade bh ladeira muito.
ela caiu. bem feito!,ele cair. bem feito!
você tirou nota zero. bem-feito! você não estudou.,você nota zero. bem feito! você estudar não
"ontem, no museu, eu vi uma escultura muito bem-feita.",ontem museu eu ver escultura bem feito.
"oi, seja bem-vindo! pela primeira vez você me vê feliz.",oi bem vindo! primeiro vez você vir eu feliz.
ontem você chegou bem?,ontem você chegar bem?
a atual diretora da escola trabalha bem.,atual escola diretor tratar bem.
ela é católica e está esperando a benção do padre.,ele esperar padre benção.
esta loja vende bengalas?,loja esto vender bengala?
aquele padre benze muito rápido.,padre aquele benzer rápido.
eu quero doar o berço para uma pessoa pobre.,eu querer doar berço qualquer pessoa pobre.
"amanhã, na feira, não esqueça de comprar berinjela.",amanhã feira esquecer não comprar berinjela.
"eu sempre uso bermuda, por causa do calor.",eu sempre só bermuda por causa calor.
ela usou o vestido verde berrante.,ele vestido cor viva verde.
"não agüento esta criança, que berra a toda hora.",agüentar não esto criança berrar toda hora.
hoje de manhã vi um besouro.,hoje manhã eu ver besouro.
os políticos costumam falar muita besteira.,costumar político falar muito besteira.
a beterraba é boa para a saúde e tem muitas vitaminas.,beterraba bom vitamina saúde.
tenho problema na bexiga.,eu bexiga problema.
ontem o bezerro sumiu.,ontem bezerro sumir.
você tem uma bíblia? pode me emprestá-la?,biblia você ter? semprestar poder?
o estudo precisa de uma boa bibliografia.,estudo precisar bibliografia bom.
"a biblioteca é para ler livros, não pode fazer barulho.",biblioteca enfileirado só ler livro barulho não poder.
eu já fui bicampeão de natação no ano passado.,ano passado eu já campeão duas vezes natação.
este pássaro gosta de bicar demoradamente.,pássaro esto gostar bicar demora.
o bíceps daquele homem tem a bonita tatuagem de um cavalo.,bíceps homem aquele tatuagem cavalo bonito.
as crianças ficam com medo quando o pai brinca e finge que é bicho.,criança medo pai brincar bicho.
essa maçã tem muitos bichos.,maçã esso muito bicho.
deus fez todos os bichos.,deus fazer todo bicho.
aquele homem sempre vai ao jogo do bicho.,homem aquele sempre ir jogar bicho.
"nós adoramos passear, dando voltas de bicicleta.",nós três adorar passear emvolta bicicleta.
o bico do pássaro tem uma cor bonita.,pássaro dele bico cor bonito.
"para o biênio do congresso, é preciso combinar antes e escolher um lugar bom.",congresso biênio combinar antes escolher lugar bom.
minha esposa adora bife acebolado.,esposo meu adorar carne bife junto cebola.
"hoje meu bigode permanece, amanhã eu raspo.",bigode hoje permanecer amanhã eu raspar bigode.
"para este projeto, é preciso pedir verba de dois bilhões.",projeto esto precisar pedir verba 2 bilhão.
eu adoro me divertir jogando bilhar.,bilhar eu ganhar sempre.
"ontem, na escola, encontrei um bilhete em cima da mesa.",ontem escola eu achar bilhete mesa em cima.
aquela mulher está pesquisando sobre bilingüismo.,mulher aquele pesquisar sobre bilinguismo.
você precisa ir ao médico neste bimestre.,você precisar ir médico 2^mes agora.
ontem ela ganhou muito dinheiro no bingo.,ontem bingo ele ganhar dinheiro muito.
"o navio está longe, não consigo vê-lo. você me empresta seu binóculo?",navio longe emprestar seu binóculo?
"a minha nota de biologia foi baixa, está vermelha.",nota meu biologia vermelho fraco.
o biólogo vem amanhã.,homem biologia vir amanhã.
ontem eu vi um biquini lindo no shopping e fiquei com vontade de comprá-lo.,ontem eu ver sp biquini lindo vontade comprar.
o bisavô dele mora no interior de minas gerais.,bisavô dele morar interior minasgerais.
eu não gosto de bisbilhotar a vida das pessoas.,eu gostarnão bisbilhotar vida pessoa cada.
"hoje, muitos brasileiros fazem biscate.",brasileiro muito fazer biscate hoje.
você já comeu o biscoito de sabor banana?,biscoito banana você já comer?
"acabou o pão francês, só tem bisnaga na padaria.",padaria pão pequeno acabar só pão bisnaga ter.
o bispo adoeceu ontem.,homem bispo adoecer ontem.
aquela pessoa é bissexual e é feliz.,pessoa aquele é bissexual ele feliz.
"é perigoso brincar com o bisturí, não pode.",bisturi perigoso brincar poder não.
"as pessoas não podem blasfemar contra deus, precisam respeitá-lo.",pessoa poder não blasfemar deus precisar respeitar.
"por favor, pegue o bloco para mim.",pegar favor bloco.
encontro você no bloco c às três da tarde.,encontrar você lá bloco c hora 3 tarde.
"meu talão de cheque sumiu, vou ligar para o banco e bloquear.",cheque meu sumir ligar banco bloquear.
"aquela loja, anteontem, vendeu uma blusa bonita e barata.",loja aquele anteontem vender blusa bonito barato.
você não vai trabalhar hoje? que boa vida!,hoje você trabalhar nao? boa vida !
sua prova de português foi boa.,prova seu português nota bom.
hoje de manhã eu vi passar uma mulher boa e fiquei babando.,hoje manhã eu ver mulher passar boa eu boquiaberto.
"eu e meus amigos freqüentamos, todos os sábados, uma boate em copacabana.",sábado todo eu amigo sempre freqüentar boate copacabana.
a raiva faz da vingança uma bobagem.,raiva vingar bobagem!
antigamente eu usava muito bóbi.,antigamente eu enrolar bóbi muito.
"você vai ficar bobo e boquiaberto, quando olhar o carro de luxo.",você bobo olhar carro luxo boquiaberto.
você não quer namorar aquela mulher? você é bobo!,mulher aquele você não querer namorar?você bobo!
a boca daquela mulher é bonita e me dá vontade de beijar.,boca mulher aquele bonita vontade beijar.
"todos os dias eu fico bocejando, porque sempre durmo de madrugada.",todo dia eu bocejar porque sempre dormir madrugada.
e bom bochechar com malva para limpar os dentes.,dente limpar malva bochechar bom.
o bebê tem bochechas gordas e fofinhas.,bebê bochecha gordo fofo.
no sítio dele tem muitos bodes.,fazenda dele muito bode.
"se ela mexer com meu namorado, dou-lhe uma bofetada.",se ele mexer meu namorado eu bofetada.
"qual a carne mais gostosa, a de porco, boi ou frango?",mais gostoso carne porco ou boi ou galinha qual?
"quando a criança começa a nadar, é bom que use bóias de braço.",criança começar aprender nadar bom boia braço.
a criança que está aprendendo a nadar deve usar a bóia de cintura.,criança aprender nadar precisar cintura bóia
nos navios é obrigatória a existência de bóias tipo colete.,obrigatório navio ter colete bóia.
eu vi homem morto boiando na praia.,eu ver homem morto boiar pessoa praia.
"em porto alegre as pessoas têm costume de usar boina, por causa do frio.",porto alegre pessoa costume boina por causa frio.
trouxe bola colorida?,trazer bola colorido?
"ele está chorando, porque a bola sumiu.",ele chorar porque bola sumir.
"nas férias, as crianças sempre se divertem jogando bola de gude.",criança sempre divertir bola de gude férias.
"amanhã vai ter torneio de ping-pong, não se esqueça de trazer a bola.",amanha torneio pingpong esquecer não trazer bola
aquela mulher está nervosa porque quebrou a bola de cristal.,mulher aquele nervoso bola vidro quebrar.
estou com fome. tem bolacha?,eu fome. ter bolacha?
"eu estava distraída, passando a ferro. ele tocou em minha mão e criou uma bolha. que dor!",eu distraído passar ferro. tocar mão acidente bolha mão. dor!
as crianças gostam de brincar de bolha de sabão.,criança gostar brincar bolha sabão.
"eu sou melhor que todos, sempre venço no boliche, que moleza!",eu melhor sempre vencer boliche moleza!
na bolívia existem muitas lhamas.,bolívia lá ter muito lhama.
ele parece paraguaio ou boliviano.,ele parecer paraguaio ou boliviano.
minha irmã gosta de bolo de chocolate!,meu irmo gostar bolo chocolate!
vou comprar bolo amanhã.,bolo eu comprar amanhã.
"minha bolsa já está velha, pois eu a uso todos os dias.",meu bolsa já velho eu todosdias bolsa mesmo.
vou conversar com o diretor da escola e tentar conseguir uma bolsa de estudos para minha filha.,conversar diretor escola tentar conseguir bolsa de estudo meu filho.
o papel que estava no meu bolso sumiu!,papel estar bolso sumir!
anteontem nós três fomos passear no zoológico e foi muito bom!,anteontem nós três passear zoológico bom muito!
este cachorro é bom e obediente.,cachorro esto bom obediente.
vou provar aquela camisa para saber se fica boa ou ruim.,camisa aquele provar vestir bom ruim.
a policia achou uma bomba no banheiro do restaurante.,policia achar bomba deixar banheiro restaurante.
me empresta a bomba de ar.,emprestar bomba de ar.
eu vi na aquela guerra na televisão. os aviões bombardearam durante a madrugada.,eu ver televisao guerra lá. bombardear aviao madrugada.
o vizinho dele trabalha como bombeiro.,vizinho dele trabalhar bombeiro.
estou com vontade de comprar caixa de bombom.,eu vontande comprar caixa bombom.
onde você guardou o bombril?,onde você guardar bombril?
antigamente aquela cidade tinha um bondinho bonito.,antigo lá cidade bondinho bonito.
"eu preciso de um boné, o sol está muito forte.",boné eu precisar sol forte muito.
minha sobrinha quer uma boneca grande.,sobrinho meu querer boneca grande.
seu filho fez um desenho tão bonito!,seu filho desenho bonito!
eu terei bônus de férias no mês que vem.,mêsquevem eu férias bônus.
"rápido, ele fez a operação matemática e fiquei boquiaberto.",ele contar matemática rápido eu boquiaberto.
a amiga dela gosta de admirar a borboleta azul.,amigo dele gostar admirar borboleta azul.
"a bruxa, com raiva, preparou uma bebida que borbulhava no copo.",bruxa raiva fazer laboratório bebida veneno copo borbulhar.
"bordar é dificil, precisa prestar atenção.","bordar difícil, precisar prestar atenção."
minha borracha verde sumiu!,borracha verde meu sumir!
eu estava pintando a parede da minha casa e borrei a camisa.,meu casa eu pintar parede borrar camisa sujo.
todos os dias minha vizinha borrifa contra os mosquitos.,vizinho meu todo dia borrifar contra mosquito.
todo domingo eu vou passear no bosque para respirar o ar.,domingo todo eu passear bosque respirar ar.
os filmes de bangue-bangue sempre mostram botas bonitas.,filme bangbang bota usar sempre.
eu prefiro comprar blusa com botões coloridos.,eu preferir comprar blusa botão colorido.
"o menino encontrou e pegou o passarinho, para botar no ninho com cuidado.",menino encontrar passarinho filhote pegar botar cuidado ninho.
amanhã a galinha bota 3 ovos.,manhã galinha bota ovo 3.
minha casa tem dois botijões de gás.,meu casa ter gás botijão 2.
o primo dele treina o boxe aos sábados.,primo dele treinar boxe todo sábado.
onde está a braçadeira? estava aqui e sumiu.,onde braçadeira? estar aqui sumir.
ela me emprestou a bracelete de prata.,ele 2semprestar bracelete prata.
"meu amigo estava andando de moto, de repente caiu e quebrou o braço.",amigo moto veículo mover de repente veículo cair braço quebrar.
"ele é fraco no braço de ferro, sempre perde.",ele fraco braço de ferro perder sempre.
aquela criança sempre brada à-toa.,criança aquele sempre bradar átoa.
você sabe digitar o braille?,braille você saber?
cadê minha bermuda branca?,cadê bermuda branco meo?
mesmo com a praia de ontem meu filho está branco.,filho praia ontem sol branco mesmo.
hoje de manhã teve um vento brando.,hoje manhã vento brando.
qualquer pessoa precisa respeitar o brasão do brasil.,qualquer pessoa saber ter brasão brasil precisar respeitar.
as regiões do brasil apresentam culturas diversas.,brasil aqui região+ cultura variado.
o computador brasileiro é tão bom quanto o americano.,computador brasileiro bom igual americano.
minha família é de brasília.,meu família la brasília.
"cuidado, aquela casa tem um cachorro bravo que morde.",cuidado casa aquele ter cachorro bravo morder.
estou com pressa de sair. a gente se encontra em breve.,eu pressa sair breve nós dois encontrar.
breve vai estrear um bom filme no cinema perto da minha casa.,filme bom vai breve lá cinema perto meu casa.
a maioria das crianças adora brigadeiro.,criança maioria adorar brigadeiro.
"lá na rua dois homens brigaram, foi horrível.",lá rua homem dois brigar horrível.
aquele chefe brigou comigo à-toa. eu nada fiz.,chefe aquele brigar átoa eu fazer nada.
"quando eu e meu irmão éramos pequenos, sempre brigávamos.",eu irmão meu pequeno sempre nós dois brigar.
eu preciso polir o sapato até brilhar para ir ao casamento.,eu precisar sapato polir brilhar ir casamento.
o cabele dela tem um brilho bonito.,cabele dele brilho bonito.
a criança adorou a brincadeira de ciranda que eu inventei.,criança adorar ontem eu inventar brincadeira ciranda.
seu cachorro é brincalhão e esperto.,seu cachorro brincalhão esperto.
vamos brincar de bola lá na praça?,ir brincar bola lá praça?
aquela mulher idosa tem diversos brincos.,mulher velho aquele brinco ter diverso.
"no natal do ano passado, esqueci de brindar com a família.",natal ano passado eu esquecer brindar família.
"se você comprar cinco cervejas, ganha uma como brinde.",se você comprar 5 cervejas ganhar brinde 1 cerveja.
o querto do meu filho tem muitos brinquedos.,quarto filho brincar diverso muito cheio.
o broche da avó dela é lindo!,broche vovó dele lindo!
o caderno dela tem uma brochura bonita.,caderno dele brochura bonito.
esqueci de comprar brócolos!,esquecer comprar brócolos!
ele sempre dá bronca quando fica nervoso.,ele sempre nervoso bronca.
"não pude sair na chuva, por causa da bronquite.",poder não sair chuva por causa bronquite.
o irmão dele ganhou o terceiro lugar na natação e conquistou a medalha de bronze.,irmão dele ganhar natação terceiro lugar medalha bronze.
a pele daquela mulher tem um bronzeado bonito.,mulher aquele pele bronzeado bonito.
sou proibida de usar bronzeador pois tenho alergia.,bronzeador eu proibido alergia.
amanhã vou à praia e preciso me bronzear para ficar bonita.,amanhã eu ir praia precisar bronzear bonito.
esta planta demora para brotar.,planta esto brotar demorar.
"não gosto dele, porque é bruto.",gostarnão ele bruto.
"se você pintar muito o rosto, vai parecer uma bruxa.",se você pintar rosto muito parecer bruxa.
fico nervoso porque o bruxismo sempre acaba com a escova de dentes.,eu escovadente acabar dente bruxismo nervoso sempre.
"me espere, vou pegar a bucha para lavar o braço.",esperar eu pegar bucha esfregar braço.
a fazenda dele tem dois búfalos.,fazenda dele ter 2 búfalo.
eu o vi bufar de nervosismo.,eu ver ele nervoso bufar.
"na austrália, todas as pessoas adoram brincar de bumerangue.",austrália lá pessoa todo adorar brincar bumeranque.
"fiquei sentado tanto tempo, que minha bunda está doendo.",eu sentado tempotodo bunda doer.
vou comprar um buquê para dar à minha mãe pele seu aniversário.,eu vou comprar buquê dar meu mãe aniversário.
meu carro caiu no buraco e o pneu rasgou.,buraco carro veículo cair pneu rasgar.
"não vou usar esta calça, ela tem um buraco.",eu calça esto usar não buraco.
este burro é seu?,burro esto seo?
às cinco horas de tarde eu busco os meus filhos na escola.,hora 5 tarde eu buscar filho escola.
o tio dela tem uma bússola antiga.,tio dele ter bússola antigo.
"anteontem eu quase atropelei uma pessoa; por sorte, buzinei e ela saiu correndo.",anteontem eu quase veículo atropelar pessoa sorte eu buzinar pessoa correr.
meu nome começa com a letra c.,meu nome começar letra c.
nós encontramos uma cabana na floresta.,árvore cabana nós encontrar.
você esqueceu a bolsa? que cabeça a sua!,esquecer bola? cabeça seo!
"no sábado, ela vai ao cabeleireiro.",sábado próximo cabeleireiro ele ir.
"meu filho tem um cabele bonito, encaracolado.",filho meu cabele bonito cacho muito.
o meu filho nasceu cabeludo.,filho meu nascer cabeludo.
o elevador está cheio mas cabe mais uma pessoa.,elevador cheio pessoa só 1 caber.
não cabe a você pegar biscoito em cima do armário.,armário cima você nãocaber pegar biscoito.
"meu armário tem poucos cabides, prewciso comprar mais.",armário meu cabide pouco precisar comprar mais.
ele sempre anda cabisbaixo.,ele cabisbaixo sempre.
o cabo da vassoura quebrou e precisa comprar outro.,vassoura cabo quebrar precisar comprar outro.
meu sobrinho é cabo da marinha.,sobrinho meu cabo marinha.
o leite de cabra é forte e bom para a saúde.,cabra leite bom saúde forte.
há muitos cabritos no sítio do meu avô.,sítio vovo lá cabrito muito.
"no canadá, o caçador sempre caça veados.",canadá caçador sempre caçar veado.
na áfrica agora é proibido caçar elefantes.,áfrica agora proibido elefante caçar.
"todo dia, pela manhã, o galo cacareja.",manhã todo dia galo cacarejar.
na bahia tem muito cacau.,lugar bahia cacau muito.
"antes eu bebia muita cachaça, mas agora eu parei de beber.",passado eu cachaça beber muito agora parar.
"minha avó comprou, na europa, um cachecol lindo.",europa vovo comprar cachecol lindo.
eu comprei um cachimbo lindo.,cachimbo lindo eu comprar.
aquela menina tem lindos cachos de cabelo!,menino aquele cacho de cabelo bonito muito!
eu adoro cachoeiras e sempre vou para alguma.,cachoeira eu adorar sempre frequentar.
"estou triste, porque meu cachorro sumiu.",eu triste cachorro meu sumir.
eu não gosto de cachorro-quente.,cachorroquente eu gostarnão.
os meninos do colégio caçoam do menino baixo e gordo. ele fica triste.,menino coitado escola pessoa caçoar baixo gordo ele triste.
tenho dois filhos e uma filha que é a caçula.,filho meu dois homem uma mulher caçula.
cada pessoa tem uma vida diferente.,pessoa cada vida diferente
divida um pedaço do bolo para cada um!,bolo dividir cada!
"o cadarço de meu sapato está velho, vou comprar um novo.",sapato cadarço velho eu comprar novo.
a faculdade de medicina precisa de cadáveres para experiências e pesquisas.,"medicina faculdade morrer corpo precisar, experiência pesquisar."
cadê o biscoito de chocolate? estou com vontade de comer.,biscoito chocolate cadê? eu vontade comer.
o portão da minha casa está com um cadeado velho.,casa meu portão cadeado velho.
"ontem vi pela televisão, uma briga na cadeia.",televisão ontem cadeia briga.